mixture_ID,source_1_path,source_1_gain,source_2_path,source_2_gain,noise_path,noise_gain
3536-8226-0026_1673-143397-0009,dev-clean/3536/8226/3536-8226-0026.flac,0.7925878276419455,dev-clean/1673/143397/1673-143397-0009.flac,0.2142791008161834,cv/20oo0109_0.72115_01ua010r_-0.72115.wav,1.1114428047969456
2412-153948-0008_777-126732-0053,dev-clean/2412/153948/2412-153948-0008.flac,0.8724482145623508,dev-clean/777/126732/777-126732-0053.flac,1.7873396761715588,cv/405c021b_1.9146_012a010t_-1.9146.wav,2.243863366505918
8842-302201-0000_3576-138058-0011,dev-clean/8842/302201/8842-302201-0000.flac,0.4847418071362036,dev-clean/3576/138058/3576-138058-0011.flac,0.28235057450711576,cv/027o0314_1.0801_403a0107_-1.0801.wav,1.1029633320702044
8842-302203-0002_5338-284437-0018,dev-clean/8842/302203/8842-302203-0002.flac,0.8339339560056804,dev-clean/5338/284437/5338-284437-0018.flac,0.31594598195899926,cv/019a010s_1.9942_01bo030k_-1.9942.wav,1.850525144884984
